{
  "case1_ar1": {
    "test_name": "AR(1)",
    "ar_true": [
      -0.7
    ],
    "ma_true": [
      0.001
    ],
    "ar_estimated": [
      -0.6982950364456646
    ],
    "ma_estimated": [
      -0.0034114187170002338
    ],
    "coefficient_errors": {
      "ar_errors": "[0.24356622]",
      "ma_errors": "[441.14187126]",
      "ar_max_error": 0.2435662220475605,
      "ma_max_error": 441.1418712588815
    },
    "prediction_metrics": {
      "rmse": 0.0979761437052822,
      "normalized_rmse": 71.89165854892462,
      "fit_percent": 28.108341450564545
    },
    "residual_metrics": {
      "residual_variance": 0.009595096925093373,
      "residual_std": 0.09795456561637836,
      "variance_error_percent": 4.049030749066293,
      "normality_pvalue": 0.2842122326973371,
      "residuals_normal": "True"
    },
    "information_criteria": {
      "aic": -4642.503047844119,
      "bic": -4632.687537286154,
      "n_parameters": 2
    },
    "stability": {
      "is_stable": true,
      "max_pole_magnitude": 0.6982950364456646,
      "poles": [
        0.6982950364456646
      ]
    },
    "pass": false
  },
  "case2_ma1": {
    "test_name": "MA(1)",
    "ar_true": [
      0.001
    ],
    "ma_true": [
      0.5
    ],
    "ar_estimated": [
      0.03677437599922631
    ],
    "ma_estimated": [
      0.5594168589050884
    ],
    "coefficient_errors": {
      "ar_errors": "[3577.43759635]",
      "ma_errors": "[11.88337178]",
      "ar_max_error": 3577.437596345193,
      "ma_max_error": 11.883371780993917
    },
    "prediction_metrics": {
      "rmse": 0.09891559830201235,
      "normalized_rmse": 88.63010353923202,
      "fit_percent": 11.369896459998941
    },
    "residual_metrics": {
      "residual_variance": 0.00978408492852862,
      "residual_std": 0.0989145334545365,
      "variance_error_percent": 2.1591507147138143,
      "normality_pvalue": 0.6915120169870057,
      "residuals_normal": "True"
    },
    "information_criteria": {
      "aic": -4622.9982001843455,
      "bic": -4613.182689626381,
      "n_parameters": 2
    },
    "stability": {
      "is_stable": true,
      "max_pole_magnitude": 0.03677437599922631,
      "poles": [
        -0.03677437599922631
      ]
    },
    "pass": false
  },
  "case3_arma22": {
    "test_name": "ARMA(2,2)",
    "ar_true": [
      -0.6,
      -0.2
    ],
    "ma_true": [
      0.4,
      0.1
    ],
    "ar_estimated": [
      -1.9293642149970183,
      0.931482621041882
    ],
    "ma_estimated": [
      -0.9404425037015653,
      -0.0881664417072656
    ],
    "coefficient_errors": {
      "ar_errors": "[221.5607025  565.74131052]",
      "ma_errors": "[335.11062592 188.16644171]",
      "ar_max_error": 565.7413105181123,
      "ma_max_error": 335.1106259245535
    },
    "prediction_metrics": {
      "rmse": 5.74953962820398,
      "normalized_rmse": 2614.7096042066887,
      "fit_percent": -2514.709604218204
    },
    "residual_metrics": {
      "residual_variance": 3.1605037617219667,
      "residual_std": 1.7777805718709963,
      "variance_error_percent": 31505.037617219667,
      "normality_pvalue": 3.1361072563912776e-92,
      "residuals_normal": "False"
    },
    "information_criteria": {
      "aic": 1158.731433159841,
      "bic": 1178.3624542757693,
      "n_parameters": 4
    },
    "stability": {
      "is_stable": false,
      "max_pole_magnitude": 1.9307598030058593,
      "poles": [
        0.9992771819639769,
        -1.9307598030058593
      ]
    },
    "master_comparison": {
      "error": "SVD did not converge"
    },
    "pass": false
  },
  "case5_high_snr": {
    "test_name": "High SNR ARMA(2,2)",
    "ar_true": [
      -0.6,
      -0.2
    ],
    "ma_true": [
      0.4,
      0.1
    ],
    "ar_estimated": [
      -0.8472048397794322,
      0.003201811028098395
    ],
    "ma_estimated": [
      0.18452693748868634,
      0.0790334846114754
    ],
    "coefficient_errors": {
      "ar_errors": "[ 41.20080663 101.60090551]",
      "ma_errors": "[53.86826563 20.96651539]",
      "ar_max_error": 101.60090551354119,
      "ma_max_error": 53.868265627693745
    },
    "prediction_metrics": {
      "rmse": 0.009999505685128475,
      "normalized_rmse": 43.91070816911693,
      "fit_percent": 56.089291828997936
    },
    "residual_metrics": {
      "residual_variance": 9.998260088947614e-05,
      "residual_std": 0.009999130006629383,
      "variance_error_percent": 0.01739911052386911,
      "normality_pvalue": 0.8727503669576311,
      "residuals_normal": "True"
    },
    "information_criteria": {
      "aic": -18413.02873643578,
      "bic": -18390.62512659761,
      "n_parameters": 4
    },
    "stability": {
      "is_stable": true,
      "max_pole_magnitude": 0.9220396067201083,
      "poles": [
        0.9188377956920101,
        -0.9220396067201083
      ]
    },
    "pass": false
  }
}